{
    "config.IntelliSense.traceBeSetted": "Please read [wiki](https://github.com/sumneko/lua-language-server/wiki/IntelliSense-optional-features) to learn more.",
    "config.IntelliSense.traceFieldInject": "Please read [wiki](https://github.com/sumneko/lua-language-server/wiki/IntelliSense-optional-features) to learn more.",
    "config.IntelliSense.traceLocalSet": "Please read [wiki](https://github.com/sumneko/lua-language-server/wiki/IntelliSense-optional-features) to learn more.",
    "config.IntelliSense.traceReturn": "Please read [wiki](https://github.com/sumneko/lua-language-server/wiki/IntelliSense-optional-features) to learn more.",
    "config.color.mode": "Color mode.",
    "config.color.mode.Grammar": "Grammar color.",
    "config.color.mode.Semantic": "Semantic color. You may need to set `editor.semanticHighlighting.enabled` to `true` to take effect.",
    "config.color.mode.SemanticEnhanced": "Enhanced semantic color. Like `Semantic`, but with additional analysis which might be more computationally expensive.",
    "config.completion.autoRequire": "When the input looks like a file name, automatically `require` this file.",
    "config.completion.callSnippet": "Shows function call snippets.",
    "config.completion.callSnippet.Both": "Shows `function name` and `call snippet`.",
    "config.completion.callSnippet.Disable": "Only shows `function name`.",
    "config.completion.callSnippet.Replace": "Only shows `call snippet.`",
    "config.completion.displayContext": "Previewing the relevant code snippet of the suggestion may help you understand the usage of the suggestion. The number set indicates the number of intercepted lines in the code fragment. If it is set to `0`, this feature can be disabled.",
    "config.completion.enable": "Enable completion.",
    "config.completion.keywordSnippet": "Shows keyword syntax snippets.",
    "config.completion.keywordSnippet.Both": "Shows `keyword` and `syntax snippet`.",
    "config.completion.keywordSnippet.Disable": "Only shows `keyword`.",
    "config.completion.keywordSnippet.Replace": "Only shows `syntax snippet`.",
    "config.completion.postfix": "The symbol used to trigger the postfix suggestion.",
    "config.completion.requireSeparator": "The separator used when `require`.",
    "config.completion.showParams": "Display parameters in completion list. When the function has multiple definitions, they will be displayed separately.",
    "config.completion.showWord": "Show contextual words in suggestions.",
    "config.completion.showWord.Disable": "Do not display context words.",
    "config.completion.showWord.Enable": "Always show context words in suggestions.",
    "config.completion.showWord.Fallback": "Contextual words are only displayed when suggestions based on semantics cannot be provided.",
    "config.completion.workspaceWord": "Whether the displayed context word contains the content of other files in the workspace.",
    "config.develop.debuggerPort": "Listen port of debugger.",
    "config.develop.debuggerWait": "Suspend before debugger connects.",
    "config.develop.enable": "Developer mode. Do not enable, performance will be affected.",
    "config.diagnostics.ambiguity": "* ambiguity-1\n* count-down-loop\n* different-requires\n* newfield-call\n* newline-call",
    "config.diagnostics.ambiguity-1": "优先级歧义，如：`num or 0 + 1`，推测用户的实际期望为 `(num or 0) + 1` ",
    "config.diagnostics.assign-type-mismatch": "Enable diagnostics for assignments in which the value's type does not match the type of the assigned variable.",
    "config.diagnostics.await": "* await-in-sync\n* not-yieldable",
    "config.diagnostics.await-in-sync": "Enable diagnostics for calls of asynchronous functions within a synchronous function.",
    "config.diagnostics.cast-local-type": "Enable diagnostics for casts of local variables where the target type does not match the defined type.",
    "config.diagnostics.cast-type-mismatch": "Enable diagnostics for casts where the target type does not match the initial type.",
    "config.diagnostics.circular-doc-class": "Enable diagnostics for two classes inheriting from each other introducing a circular relation.",
    "config.diagnostics.close-non-object": "Enable diagnostics for attempts to close a variable with a non-object.",
    "config.diagnostics.code-after-break": "Enable diagnostics for code placed after a break statement in a loop.",
    "config.diagnostics.codestyle": "* codestyle-check\n* spell-check",
    "config.diagnostics.codestyle-check": "Enable diagnostics for incorrectly styled lines.",
    "config.diagnostics.count-down-loop": "Enable diagnostics for `for` loops which will never reach their max/limit because the loop is incrementing instead of decrementing.",
    "config.diagnostics.deprecated": "Enable diagnostics to highlight deprecated API.",
    "config.diagnostics.different-requires": "Enable diagnostics for files which are required by two different paths.",
    "config.diagnostics.disable": "Disabled diagnostic (Use code in hover brackets).",
    "config.diagnostics.disableScheme": "Do not diagnose Lua files that use the following scheme.",
    "config.diagnostics.discard-returns": "Enable diagnostics for calls of functions annotated with `---@nodiscard` where the return values are ignored.",
    "config.diagnostics.doc-field-no-class": "Enable diagnostics to highlight a field annotation without a defining class annotation.",
    "config.diagnostics.duplicate": "* duplicate-index\n* duplicate-set-field",
    "config.diagnostics.duplicate-doc-alias": "Enable diagnostics for a duplicated alias annotation name.",
    "config.diagnostics.duplicate-doc-field": "Enable diagnostics for a duplicated field annotation name.",
    "config.diagnostics.duplicate-doc-param": "Enable diagnostics for a duplicated param annotation name.",
    "config.diagnostics.duplicate-index": "在字面量表中重复定义了索引",
    "config.diagnostics.duplicate-set-field": "Enable diagnostics for setting the same field in a class more than once.",
    "config.diagnostics.empty-block": "空代码块",
    "config.diagnostics.enable": "Enable diagnostics.",
    "config.diagnostics.global": "* global-in-nil-env\n* lowercase-global\n* undefined-env-child\n* undefined-global",
    "config.diagnostics.global-in-nil-env": "不能使用全局变量（ `_ENV` 被设置为了 `nil`）",
    "config.diagnostics.globals": "Defined global variables.",
    "config.diagnostics.groupFileStatus": "Modify the diagnostic needed file status in a group.\n\n* Opened:  only diagnose opened files\n* Any:     diagnose all files\n* None:    disable this diagnostic\n\n`Fallback` means that diagnostics in this group are controlled by `diagnostics.neededFileStatus` separately.\nOther settings will override individual settings without end of `!`.\n",
    "config.diagnostics.groupSeverity": "Modify the diagnostic severity in a group.\n`Fallback` means that diagnostics in this group are controlled by `diagnostics.severity` separately.\nOther settings will override individual settings without end of `!`.\n",
    "config.diagnostics.ignoredFiles": "How to diagnose ignored files.",
    "config.diagnostics.ignoredFiles.Disable": "These files are not diagnosed.",
    "config.diagnostics.ignoredFiles.Enable": "Always diagnose these files.",
    "config.diagnostics.ignoredFiles.Opened": "Only when these files are opened will it be diagnosed.",
    "config.diagnostics.libraryFiles": "How to diagnose files loaded via `Lua.workspace.library`.",
    "config.diagnostics.libraryFiles.Disable": "These files are not diagnosed.",
    "config.diagnostics.libraryFiles.Enable": "Always diagnose these files.",
    "config.diagnostics.libraryFiles.Opened": "Only when these files are opened will it be diagnosed.",
    "config.diagnostics.lowercase-global": "首字母小写的全局变量定义",
    "config.diagnostics.luadoc": "* circle-doc-class\n* doc-field-no-class\n* duplicate-doc-alias\n* duplicate-doc-field\n* duplicate-doc-param\n* undefined-doc-class\n* undefined-doc-name\n* undefined-doc-param\n* unknown-cast-variable\n* unknown-diag-code\n* unknown-operator",
    "config.diagnostics.missing-parameter": "Enable diagnostics for function calls where the number of arguments is less than the number of annotated function parameters.",
    "config.diagnostics.missing-return": "Enable diagnostics for functions with return annotations which have no return statement.",
    "config.diagnostics.missing-return-value": "Enable diagnostics for return statements without values although the containing function declares returns.",
    "config.diagnostics.need-check-nil": "Enable diagnostics for variable usages if `nil` or an optional (potentially `nil`) value was assigned to the variable before.",
    "config.diagnostics.neededFileStatus": "* Opened:  only diagnose opened files\n* Any:     diagnose all files\n* None:    disable this diagnostic\n\nEnd with `!` means override the group setting `diagnostics.groupFileStatus`.\n",
    "config.diagnostics.newfield-call": "在字面量表中，2行代码之间缺少分隔符，在语法上被解析为了一次索引操作",
    "config.diagnostics.newline-call": "以 `(` 开始的新行，在语法上被解析为了上一行的函数调用",
    "config.diagnostics.no-unknown": "Enable diagnostics for cases in which the type cannot be inferred.",
    "config.diagnostics.not-yieldable": "Enable diagnostics for calls to `coroutine.yield()` when it is not permitted.",
    "config.diagnostics.param-type-mismatch": "Enable diagnostics for function calls where the type of a provided parameter does not match the type of the annotated function definition.",
    "config.diagnostics.redefined": "* redefined-local",
    "config.diagnostics.redefined-local": "重复定义的局部变量",
    "config.diagnostics.redundant-parameter": "函数调用时，传入了多余的参数",
    "config.diagnostics.redundant-return": "Enable diagnostics for return statements which are not needed because the function would exit on its own.",
    "config.diagnostics.redundant-return-value": "Enable diagnostics for return statements which return an extra value which is not specified by a return annotation.",
    "config.diagnostics.redundant-value": "赋值操作时，值的数量比被赋值的对象多",
    "config.diagnostics.return-type-mismatch": "Enable diagnostics for return values whose type does not match the type declared in the corresponding return annotation.",
    "config.diagnostics.severity": "Modify the diagnostic severity.\n\nEnd with `!` means override the group setting `diagnostics.groupSeverity`.\n",
    "config.diagnostics.spell-check": "Enable diagnostics for typos in strings.",
    "config.diagnostics.strict": "* close-non-object\n* deprecated\n* discard-returns",
    "config.diagnostics.strong": "* no-unknown",
    "config.diagnostics.trailing-space": "后置空格",
    "config.diagnostics.type-check": "* assign-type-mismatch\n* cast-local-type\n* cast-type-mismatch\n* need-check-nil\n* param-type-mismatch\n* return-type-mismatch\n* undefined-field",
    "config.diagnostics.unbalanced": "* missing-parameter\n* missing-return\n* missing-return-value\n* redundant-parameter\n* redundant-return-value\n* redundant-value\n* unbalanced-assignments",
    "config.diagnostics.unbalanced-assignments": "Enable diagnostics on multiple assignments if not all variables obtain a value (e.g., `local x,y = 1`).",
    "config.diagnostics.undefined-doc-class": "Enable diagnostics for class annotations in which an undefined class is referenced.",
    "config.diagnostics.undefined-doc-name": "Enable diagnostics for type annotations referencing an undefined type or alias.",
    "config.diagnostics.undefined-doc-param": "Enable diagnostics for cases in which a parameter annotation is given without declaring the parameter in the function definition.",
    "config.diagnostics.undefined-env-child": "`_ENV` 被设置为了新的字面量表，但是试图获取的全局变量不再这张表中",
    "config.diagnostics.undefined-field": "Enable diagnostics for cases in which an undefined field of a variable is read.",
    "config.diagnostics.undefined-global": "未定义的全局变量",
    "config.diagnostics.unknown-cast-variable": "Enable diagnostics for casts of undefined variables.",
    "config.diagnostics.unknown-diag-code": "Enable diagnostics in cases in which an unknown diagnostics code is entered.",
    "config.diagnostics.unknown-operator": "Enable diagnostics for unknown operators.",
    "config.diagnostics.unreachable-code": "Enable diagnostics for unreachable code.",
    "config.diagnostics.unused": "* code-after-break\n* empty-block\n* redundant-return\n* trailing-space\n* unreachable-code\n* unused-function\n* unused-label\n* unused-local\n* unused-vararg",
    "config.diagnostics.unused-function": "未使用的函数",
    "config.diagnostics.unused-label": "未使用的标签",
    "config.diagnostics.unused-local": "未使用的局部变量",
    "config.diagnostics.unused-vararg": "未使用的不定参数",
    "config.diagnostics.unusedLocalExclude": "Do not diagnose `unused-local` when the variable name matches the following pattern.",
    "config.diagnostics.workspaceDelay": "Latency (milliseconds) for workspace diagnostics. When you start the workspace, or edit any file, the entire workspace will be re-diagnosed in the background. Set to negative to disable workspace diagnostics.",
    "config.diagnostics.workspaceRate": "Workspace diagnostics run rate (%). Decreasing this value reduces CPU usage, but also reduces the speed of workspace diagnostics. The diagnosis of the file you are currently editing is always done at full speed and is not affected by this setting.",
    "config.format.defaultConfig": "The default format configuration. Has a lower priority than `.editorconfig` file in the workspace.\nRead [formatter docs](https://github.com/CppCXY/EmmyLuaCodeStyle/tree/master/docs) to learn usage.\n",
    "config.format.enable": "Enable code formatter.",
    "config.hint.arrayIndex": "Show hints of array index when constructing a table.",
    "config.hint.arrayIndex.Auto": "Show hints only when the table is greater than 3 items, or the table is a mixed table.",
    "config.hint.arrayIndex.Disable": "Disable hints of array index.",
    "config.hint.arrayIndex.Enable": "Show hints in all tables.",
    "config.hint.await": "If the called function is marked `---@async`, prompt `await` at the call.",
    "config.hint.enable": "Enable inlay hint.",
    "config.hint.paramName": "Show hints of parameter name at the function call.",
    "config.hint.paramName.All": "All types of parameters are shown.",
    "config.hint.paramName.Disable": "Disable parameter hints.",
    "config.hint.paramName.Literal": "Only literal type parameters are shown.",
    "config.hint.paramType": "Show type hints at the parameter of the function.",
    "config.hint.semicolon": "If there is no semicolon at the end of the statement, display a virtual semicolon.",
    "config.hint.semicolon.All": "All statements display virtual semicolons.",
    "config.hint.semicolon.Disable": "Disable virtual semicolons.",
    "config.hint.semicolon.SameLine": "When two statements are on the same line, display a semicolon between them.",
    "config.hint.setType": "Show hints of type at assignment operation.",
    "config.hover.enable": "Enable hover.",
    "config.hover.enumsLimit": "When the value corresponds to multiple types, limit the number of types displaying.",
    "config.hover.expandAlias": "Whether to expand the alias. For example, expands `---@alias myType boolean|number` appears as `boolean|number`, otherwise it appears as `myType'.\n",
    "config.hover.fieldInfer": "When hovering to view a table, type infer will be performed for each field. When the accumulated time of type infer reaches the set value (MS), the type infer of subsequent fields will be skipped.",
    "config.hover.previewFields": "When hovering to view a table, limits the maximum number of previews for fields.",
    "config.hover.viewNumber": "Hover to view numeric content (only if literal is not decimal).",
    "config.hover.viewString": "Hover to view the contents of a string (only if the literal contains an escape character).",
    "config.hover.viewStringMax": "The maximum length of a hover to view the contents of a string.",
    "config.intelliSense.fastGlobal": "In the global variable completion, and view `_G` suspension prompt. This will slightly reduce the accuracy of type speculation, but it will have a significant performance improvement for projects that use a lot of global variables.",
    "config.intelliSense.searchDepth": "Set the search depth for IntelliSense. Increasing this value increases accuracy, but decreases performance. Different workspace have different tolerance for this setting. Please adjust it to the appropriate value.",
    "config.misc.parameters": "[Command line parameters](https://github.com/sumneko/lua-telemetry-server/tree/master/method) when starting the language service in VSCode.",
    "config.runtime.builtin": "Adjust the enabled state of the built-in library. You can disable (or redefine) the non-existent library according to the actual runtime environment.\n\n* `default`: Indicates that the library will be enabled or disabled according to the runtime version\n* `enable`: always enable\n* `disable`: always disable\n",
    "config.runtime.fileEncoding": "File encoding. The `ansi` option is only available under the `Windows` platform.",
    "config.runtime.meta": "Format of the directory name of the meta files.",
    "config.runtime.nonstandardSymbol": "Supports non-standard symbols. Make sure that your runtime environment supports these symbols.",
    "config.runtime.path": "When using `require`, how to find the file based on the input name.\nSetting this config to `?/init.lua` means that when you enter `require 'myfile'`, `${workspace}/myfile/init.lua` will be searched from the loaded files.\nif `runtime.pathStrict` is `false`, `${workspace}/**/myfile/init.lua` will also be searched.\nIf you want to load files outside the workspace, you need to set `Lua.workspace.library` first.\n",
    "config.runtime.pathStrict": "When enabled, `runtime.path` will only search the first level of directories, see the description of `runtime.path`.",
    "config.runtime.plugin": "Plugin path. Please read [wiki](https://github.com/sumneko/lua-language-server/wiki/Plugins) to learn more.",
    "config.runtime.pluginArgs": "Additional arguments for the plugin.",
    "config.runtime.special": "The custom global variables are regarded as some special built-in variables, and the language server will provide special support\nThe following example shows that 'include' is treated as' require '.\n```json\n\"Lua.runtime.special\" : {\n    \"include\" : \"require\"\n}\n```\n",
    "config.runtime.unicodeName": "Allows Unicode characters in name.",
    "config.runtime.version": "Lua runtime version.",
    "config.semantic.annotation": "Semantic coloring of type annotations.",
    "config.semantic.enable": "Enable semantic color. You may need to set `editor.semanticHighlighting.enabled` to `true` to take effect.",
    "config.semantic.keyword": "Semantic coloring of keywords/literals/operators. You only need to enable this feature if your editor cannot do syntax coloring.",
    "config.semantic.variable": "Semantic coloring of variables/fields/parameters.",
    "config.signatureHelp.enable": "Enable signature help.",
    "config.spell.dict": "Custom words for spell checking.",
    "config.telemetry.enable": "Enable telemetry to send your editor information and error logs over the network. Read our privacy policy [here](https://github.com/sumneko/lua-language-server/wiki/Home#privacy).\n",
    "config.type.castNumberToInteger": "Allowed to assign the `number` type to the `integer` type.",
    "config.type.weakNilCheck": "When checking the type of union type, ignore the `nil` in it.\n\nWhen this setting is `false`, the `number|nil` type cannot be assigned to the `number` type. It can be with `true`.\n",
    "config.type.weakUnionCheck": "Once one subtype of a union type meets the condition, the union type also meets the condition.\n\nWhen this setting is `false`, the `number|boolean` type cannot be assigned to the `number` type. It can be with `true`.\n",
    "config.window.progressBar": "Show progress bar in status bar.",
    "config.window.statusBar": "Show extension status in status bar.",
    "config.workspace.checkThirdParty": "Automatic detection and adaptation of third-party libraries, currently supported libraries are:\n\n* OpenResty\n* Cocos4.0\n* LÖVE\n* LÖVR\n* skynet\n* Jass\n",
    "config.workspace.ignoreDir": "Ignored files and directories (Use `.gitignore` grammar).",
    "config.workspace.ignoreSubmodules": "Ignore submodules.",
    "config.workspace.library": "In addition to the current workspace, which directories will load files from. The files in these directories will be treated as externally provided code libraries, and some features (such as renaming fields) will not modify these files.",
    "config.workspace.maxPreload": "Max preloaded files.",
    "config.workspace.preloadFileSize": "Skip files larger than this value (KB) when preloading.",
    "config.workspace.supportScheme": "Provide language server for the Lua files of the following scheme.",
    "config.workspace.useGitIgnore": "Ignore files list in `.gitignore` .",
    "config.workspace.userThirdParty": "Add private third-party library configuration file paths here, please refer to the built-in [configuration file path](https://github.com/sumneko/lua-language-server/tree/master/meta/3rd)"
}